{"cameraMode":{"drawMode":0,"name":"Shaded","section":"Shading Mode"},"sceneLighting":false,"audioPlay":false,"sceneViewState":{"m_AlwaysRefresh":false,"showFog":true,"showSkybox":false,"showFlares":true,"showImageEffects":true,"showParticleSystems":true,"showVisualEffectGraphs":true,"m_FxEnabled":true},"in2DMode":false,"pivot":{"x":-0.40659642219543459,"y":1.4013946056365967,"z":0.48775410652160647},"rotation":{"x":-0.10427456349134445,"y":0.8668521046638489,"z":-0.2041654884815216,"w":-0.442732036113739},"size":2.2276062965393068,"orthographic":false}